MSE,score,initial MSE,t-waypoints scheduled,total_time_sec,nodes_expanded
0.0005263157894736842,0.0,0.0005263157894736842,2,7.6952667236328125,2
