MSE,score,initial MSE,t-waypoints scheduled,total_time_sec,nodes_expanded
0.0015789473684210526,0.0,0.0015789473684210526,2,8.161993741989136,2
