MSE,score,initial MSE,t-waypoints scheduled,total_time_sec,nodes_expanded
0.0010526315789473684,0.0,0.0010526315789473684,2,8.507783651351929,2
