MSE,score,initial MSE,t-waypoints scheduled,total_time_sec,nodes_expanded
0.002105263157894737,0.0,0.002105263157894737,2,8.326225280761719,6
