MSE,score,initial MSE,t-waypoints scheduled,total_time_sec,nodes_expanded
0.0010526315789473684,0.0,0.0010526315789473684,2,7.768198013305664,3
