MSE,score,initial MSE,t-waypoints scheduled,total_time_sec,nodes_expanded
0.005789473684210527,0.0,0.005789473684210527,2,8.151934146881104,2
