MSE,score,initial MSE,t-waypoints scheduled,total_time_sec,nodes_expanded
0.0010526315789473684,0.0,0.0010526315789473684,2,7.7355029582977295,2
0.00105318588730911,-0.0005265929436544937,0.0010526315789473684,3,7.804067134857178,3
0.001053740779768177,-0.0010537407797681282,0.0010526315789473684,4,7.871565341949463,4
0.0010542962572482868,-0.0015814443858725119,0.0010526315789473684,5,7.949047088623047,5
0.0010548523206751054,-0.002109704641350149,0.0010526315789473684,6,8.031430006027222,6
