MSE,score,initial MSE,t-waypoints scheduled,total_time_sec,nodes_expanded
0.0010526315789473684,0.0,0.0010526315789473684,2,8.181427240371704,2
0.00105318588730911,-0.0005265929436544937,0.0010526315789473684,3,8.251522779464722,3
0.001053740779768177,-0.0010537407797681282,0.0010526315789473684,4,8.327218770980835,4
