MSE,score,initial MSE,t-waypoints scheduled,total_time_sec,nodes_expanded
0.002105263157894737,0.0,0.002105263157894737,2,7.946791410446167,2
0.00210637177461822,-0.0005265929436544937,0.002105263157894737,3,8.017022132873535,3
0.0015806111696522655,0.24920969441517385,0.002105263157894737,4,8.089756488800049,4
0.0015814443858724301,0.24881391671059566,0.002105263157894737,5,8.16866421699524,5
0.0015822784810126582,0.24841772151898733,0.002105263157894737,6,8.257559537887573,6
0.0005277044854881266,0.7493403693931399,0.002105263157894737,7,8.35995602607727,7
0.0005279831045406547,0.749208025343189,0.002105263157894737,8,8.482413291931152,8
