MSE,score,initial MSE,t-waypoints scheduled,total_time_sec,nodes_expanded
0.005789473684210527,0.0,0.005789473684210527,2,8.081456661224365,2
0.005792522380200105,-0.0005265929436545124,0.005789473684210527,3,8.153463125228882,3
0.005795574288724974,-0.0010537407797681843,0.005789473684210527,4,8.2294180393219,4
