MSE,score,initial MSE,t-waypoints scheduled,total_time_sec,nodes_expanded
0.3436842105263158,0.0,0.3436842105263158,2,6.754319429397583,2
0.3417588204318062,0.005602207013121328,0.3436842105263158,3,6.805118083953857,3
0.34193888303477343,0.005078288260230511,0.3436842105263158,4,6.863356351852417,4
0.3410648392198208,0.007621447905575134,0.3436842105263158,5,6.921602487564087,5
0.34335443037974683,0.000959544071180802,0.3436842105263158,6,6.9926438331604,6
0.3424802110817942,0.0035032143102466076,0.3436842105263158,7,7.084059000015259,7
0.34107708553326294,0.0075858154468613605,0.3436842105263158,8,7.202938795089722,8
0.33967247754886426,0.0116727299497059,0.3436842105263158,9,7.478952169418335,9
0.33985200845665964,0.011150358242491172,0.3436842105263158,10,7.993010520935059,10
0.33897408778424115,0.013704798177552616,0.3436842105263158,11,8.914157629013062,11
0.3380952380952381,0.016261941223656397,0.3436842105263158,12,10.685181617736816,12
0.33615669666490205,0.02190241399186239,0.3436842105263158,13,13.972877502441406,13
0.336864406779661,0.019843226827938945,0.3436842105263158,14,20.208563566207886,14
0.3333333333333333,0.03011740684022473,0.3436842105263158,15,30.062354564666748,15
0.33351007423117707,0.029603153079270472,0.3436842105263158,16,48.19499731063843,16
0.3336870026525199,0.02908835369098357,0.3436842105263158,17,91.71804404258728,17
0.3349256900212314,0.025484209739143,0.3436842105263158,18,216.0118486881256,18
0.3335103558151885,0.029602333768976846,0.3436842105263158,19,558.2162828445435,19
