Day,initial MSE,MSE,score,t-waypoints scheduled,total_time_sec,nodes_expanded
0,0.7,0.7,0.0,2,0.039304494857788086,2
0,0.7,0.7127371273712737,-1.8195896244676786,3,0.07516837120056152,3
0,0.7,0.6358695652173914,9.1614906832298,4,0.12657713890075684,5
0,0.7,0.6130790190735694,12.417282989490076,5,0.1700294017791748,6
0,0.7,0.4972677595628415,28.961748633879775,6,0.2172081470489502,7
0,0.7,0.24383561643835616,65.16634050880626,7,0.7067418098449707,8
0,0.7,0.2554945054945055,63.50078492935636,8,10.05818247795105,11
