Day,initial MSE,MSE,score,t-waypoints scheduled,total_time_sec,nodes_expanded
0,0.47531687791861243,0.47531687791861243,0.0,2,71.3816568851471,2
0,0.47531687791861243,0.13079746413079746,72.48204930076275,3,143.02376508712769,3
