Day,initial MSE,MSE,score,t-waypoints scheduled,total_time_sec,nodes_expanded
0,0.48699132755170116,0.48699132755170116,0.0,2,70.84597158432007,2
0,0.48699132755170116,0.020687354020687353,95.75200771547803,3,139.83934831619263,3
0,0.48699132755170116,0.0006675567423230974,99.86292225250105,4,209.74266481399536,4
