Day,initial MSE,MSE,score,t-waypoints scheduled,total_time_sec,nodes_expanded
0,0.42595063375583725,0.42595063375583725,0.0,2,71.56384491920471,2
0,0.42595063375583725,0.04704704704704705,88.95481229075592,3,142.75463938713074,3
0,0.42595063375583725,0.006341789052069426,98.51114459059482,4,215.2440948486328,4
