Day,initial MSE,MSE,score,t-waypoints scheduled,total_time_sec,nodes_expanded
0,0.4312875250166778,0.4312875250166778,0.0,2,68.5405924320221,2
0,0.4312875250166778,0.04237570904237571,90.17460358012046,3,137.7622880935669,3
