Day,initial MSE,MSE,score,t-waypoints scheduled,total_time_sec,nodes_expanded
0,0.42494996664442963,0.42494996664442963,0.0,2,70.25424766540527,2
0,0.42494996664442963,0.09242575909242576,78.25020205972586,3,140.50284624099731,3
0,0.42494996664442963,0.017690253671562083,95.83709729141734,4,210.33583807945251,4
0,0.42494996664442963,0.000667779632721202,99.84285688077722,5,279.791894197464,5
