Day,initial MSE,MSE,score,t-waypoints scheduled,total_time_sec,nodes_expanded
0,0.4683122081387592,0.4683122081387592,0.0,2,71.62176752090454,2
0,0.4683122081387592,0.06806806806806807,85.46523731708918,3,143.6291766166687,3
0,0.4683122081387592,0.011348464619492658,97.57673098794594,4,213.60326170921326,4
