Day,initial MSE,MSE,score,t-waypoints scheduled,total_time_sec,nodes_expanded
0,0.4639759839893262,0.4639759839893262,0.0,2,69.02049374580383,2
0,0.4639759839893262,0.13413413413413414,71.0902851089767,3,138.14063477516174,3
0,0.4639759839893262,0.0030040053404539386,99.35255154488276,4,207.36811351776123,4
0,0.4639759839893262,0.000333889816360601,99.92803726315965,5,275.9249565601349,5
