Day,initial MSE,MSE,score,t-waypoints scheduled,total_time_sec,nodes_expanded
0,0.3845897264843229,0.3845897264843229,0.0,2,71.36495208740234,2
0,0.3845897264843229,0.0657323990657324,82.90843604518076,3,142.12560653686523,3
