Day,initial MSE,MSE,score,t-waypoints scheduled,total_time_sec,nodes_expanded
0,0.38125416944629753,0.38125416944629753,0.0,2,70.8459119796753,2
0,0.38125416944629753,0.06373039706373039,83.28401308862084,3,142.19926691055298,3
0,0.38125416944629753,0.0033377837116154874,99.12452532218519,4,212.46901774406433,4
