Day,initial MSE,MSE,score,t-waypoints scheduled,total_time_sec,nodes_expanded
0,0.5040026684456305,0.5040026684456305,0.0,2,70.48858785629272,2
0,0.5040026684456305,0.10710710710710711,78.74870237543963,3,141.2716772556305,3
0,0.5040026684456305,0.010680907877169559,97.8807834668594,4,211.93031072616577,4
