Day,initial MSE,MSE,score,t-waypoints scheduled,total_time_sec,nodes_expanded
0,0.4656437625083389,0.4656437625083389,0.0,2,69.06123781204224,2
0,0.4656437625083389,0.1354688021354688,70.9072013752052,3,137.5963373184204,3
0,0.4656437625083389,0.003671562082777036,99.21150837219446,4,206.93885445594788,4
0,0.4656437625083389,0.001001669449081803,99.78488502805536,5,275.4625880718231,5
