Day,initial MSE,MSE,score,t-waypoints scheduled,total_time_sec,nodes_expanded
0,0.4092728485657105,0.4092728485657105,0.0,2,72.05557155609131,2
0,0.4092728485657105,0.006006006006006006,98.53251784792127,3,144.62413668632507,3
