Day,initial MSE,MSE,score,t-waypoints scheduled,total_time_sec,nodes_expanded
0,0.3875917278185457,0.3875917278185457,0.0,2,70.06573605537415,2
0,0.3875917278185457,0.02869536202869536,92.59649781738133,3,140.80120062828064,3
0,0.3875917278185457,0.0026702269692923898,99.31107225009134,4,211.8008050918579,4
0,0.3875917278185457,0.001335559265442404,99.65542111206572,5,280.90153098106384,5
0,0.3875917278185457,0.001002004008016032,99.74147951669259,6,349.98610663414,6
1,0.3875917278185457,0.0006682258603407952,99.82759542777094,2,69.48887991905212,2
1,0.3875917278185457,0.00033422459893048126,99.91376890296097,3,138.97354936599731,3
