Day,initial MSE,MSE,score,t-waypoints scheduled,total_time_sec,nodes_expanded
0,0.48632421614409604,0.48632421614409604,0.0,2,69.9834942817688,2
0,0.48632421614409604,0.16516516516516516,66.03805451542077,3,142.30754923820496,3
0,0.48632421614409604,0.005006675567423231,98.97050662886592,4,214.76464700698853,4
0,0.48632421614409604,0.000667779632721202,99.86268838553511,5,287.18656730651855,5
