Day,initial MSE,MSE,score,t-waypoints scheduled,total_time_sec,nodes_expanded
0,0.4019346230820547,0.4019346230820547,0.0,2,72.78865051269531,2
0,0.4019346230820547,0.09009009009009009,77.58588463982653,3,145.64489269256592,3
0,0.4019346230820547,0.0003337783711615487,99.916957049233,4,216.0957896709442,4
