Day,initial MSE,MSE,score,t-waypoints scheduled,total_time_sec,nodes_expanded
0,0.5116744496330887,0.5116744496330887,0.0,2,68.60522866249084,2
0,0.5116744496330887,0.16716716716716717,67.32938936328767,3,138.00818824768066,3
0,0.5116744496330887,0.004672897196261682,99.08674408119997,4,209.03572535514832,4
0,0.5116744496330887,0.000333889816360601,99.93474565388206,5,278.4514925479889,5
