Day,initial MSE,MSE,score,t-waypoints scheduled,total_time_sec,nodes_expanded
0,0.461974649766511,0.461974649766511,0.0,2,69.41839981079102,2
0,0.461974649766511,0.09676343009676343,79.05438531190637,3,136.24961113929749,3
0,0.461974649766511,0.005674232309746329,98.77174379316827,4,206.05371975898743,4
