Day,initial MSE,MSE,score,t-waypoints scheduled,total_time_sec,nodes_expanded
0,0.34222815210140095,0.34222815210140095,0.0,2,68.2687361240387,2
0,0.34222815210140095,0.07307307307307308,78.64784862835545,3,136.89616751670837,3
0,0.34222815210140095,0.0003337783711615487,99.90246904905047,4,206.15091371536255,4
0,0.34222815210140095,0.000333889816360601,99.90243648445914,5,275.6375617980957,5
