Day,initial MSE,MSE,score,t-waypoints scheduled,total_time_sec,nodes_expanded
0,0.33755837224816543,0.33755837224816543,0.0,2,67.71092367172241,2
0,0.33755837224816543,0.003003003003003003,99.11037519733172,3,134.88147401809692,3
0,0.33755837224816543,0.0003337783711615487,99.90111980664602,4,202.90869092941284,4
