Day,initial MSE,MSE,score,t-waypoints scheduled,total_time_sec,nodes_expanded
0,0.5010006671114076,0.5010006671114076,0.0,2,68.46469473838806,2
0,0.5010006671114076,0.12779446112779447,74.49215749260134,3,136.0170865058899,3
0,0.5010006671114076,0.0016688918558077437,99.66688829669029,4,205.08880877494812,4
