Day,initial MSE,MSE,score,t-waypoints scheduled,total_time_sec,nodes_expanded
0,0.4226150767178119,0.4226150767178119,0.0,2,73.93631553649902,2
0,0.4226150767178119,0.0333667000333667,92.10470665350961,3,148.01313376426697,3
