Day,initial MSE,MSE,score,t-waypoints scheduled,total_time_sec,nodes_expanded
0,0.3799199466310874,0.3799199466310874,0.0,2,67.8189070224762,2
0,0.3799199466310874,0.005672339005672339,98.50696467611891,3,138.05436038970947,3
