Day,initial MSE,MSE,score,t-waypoints scheduled,total_time_sec,nodes_expanded
0,0.48232154769846564,0.48232154769846564,0.0,2,70.76500964164734,2
0,0.48232154769846564,0.061394728061394725,87.27099621521015,3,142.20634627342224,3
0,0.48232154769846564,0.005006675567423231,98.96196311541252,4,213.90970754623413,4
0,0.48232154769846564,0.000333889816360601,99.93077443503118,5,286.45065665245056,5
0,0.48232154769846564,0.00033400133600534405,99.9307513136,6,358.00799536705017,6
