Day,initial MSE,MSE,score,t-waypoints scheduled,total_time_sec,nodes_expanded
0,0.4876584389593062,0.4876584389593062,0.0,2,72.06799173355103,2
0,0.4876584389593062,0.1001001001001001,79.47331736661421,3,142.212988615036,3
0,0.4876584389593062,0.030040053404539385,93.83993980117586,4,211.00596237182617,4
0,0.4876584389593062,0.000333889816360601,99.93153203355341,5,279.3317332267761,5
