Day,initial MSE,MSE,score,t-waypoints scheduled,total_time_sec,nodes_expanded
0,0.4242828552368246,0.4242828552368246,0.0,2,67.35473012924194,2
0,0.4242828552368246,0.1448114781448115,65.86911859448547,3,136.40507912635803,3
