Day,initial MSE,MSE,score,t-waypoints scheduled,total_time_sec,nodes_expanded
0,0.42494996664442963,0.42494996664442963,0.0,2,73.22921633720398,2
0,0.42494996664442963,0.05905905905905906,86.10211467354324,3,144.56750178337097,3
0,0.42494996664442963,0.0003337783711615487,99.9214546658758,4,217.80543494224548,4
