Day,initial MSE,MSE,score,t-waypoints scheduled,total_time_sec,nodes_expanded
0,0.38058705803869247,0.38058705803869247,0.0,2,68.21048855781555,2
0,0.38058705803869247,0.031698365031698365,91.67119208019004,3,137.0332956314087,3
