Day,initial MSE,MSE,score,t-waypoints scheduled,total_time_sec,nodes_expanded
0,0.49099399599733157,0.49099399599733157,0.0,2,69.2758207321167,2
0,0.49099399599733157,0.022355689022355688,95.4468508363436,3,139.22746872901917,3
0,0.49099399599733157,0.002336448598130841,99.52413906948397,4,208.7262783050537,4
