Day,initial MSE,MSE,score,t-waypoints scheduled,total_time_sec,nodes_expanded
0,0.40226817878585724,0.40226817878585724,0.0,2,68.22104001045227,2
0,0.40226817878585724,0.14014014014014015,65.16250910944112,3,136.54757142066956,3
