Day,initial MSE,MSE,score,t-waypoints scheduled,total_time_sec,nodes_expanded
0,0.4312875250166778,0.4312875250166778,0.0,2,71.94205713272095,2
0,0.4312875250166778,0.10176843510176843,76.40357552706097,3,143.80870747566223,3
0,0.4312875250166778,0.005006675567423231,98.83913276480008,4,215.80374836921692,4
0,0.4312875250166778,0.001001669449081803,99.76774903261041,5,287.6511604785919,5
0,0.4312875250166778,0.00033400133600534405,99.92255715349233,6,359.7943766117096,6
