Day,initial MSE,MSE,score,t-waypoints scheduled,total_time_sec,nodes_expanded
0,0.7,0.7,0.0,2,9.143460035324097,2
0,0.7,0.23848238482384823,65.9310878823074,3,18.34993839263916,3
0,0.7,0.1793478260869565,74.37888198757764,3,27.451754570007324,6
0,0.7,0.1793478260869565,74.37888198757764,3,36.37271785736084,9
0,0.7,0.1793478260869565,74.37888198757764,3,45.12562870979309,12
0,0.7,0.1793478260869565,74.37888198757764,3,53.782471895217896,15
0,0.7,0.1793478260869565,74.37888198757764,4,62.443920373916626,17
0,0.7,0.1307901907356948,81.31568703775788,5,71.12604427337646,18
